-- Adminer 4.2.2 MySQL dump

SET NAMES utf8;
SET time_zone = '+00:00';
SET foreign_key_checks = 0;
SET sql_mode = 'NO_AUTO_VALUE_ON_ZERO';

DROP DATABASE IF EXISTS `vonica`;
CREATE DATABASE `vonica` /*!40100 DEFAULT CHARACTER SET utf8 COLLATE utf8_czech_ci */;
USE `vonica`;

DROP TABLE IF EXISTS `reservation`;
CREATE TABLE `reservation` (
  `id` int(11) NOT NULL AUTO_INCREMENT,
  `firstname` varchar(255) COLLATE utf8_czech_ci NOT NULL,
  `lastname` varchar(255) COLLATE utf8_czech_ci NOT NULL,
  `email` varchar(255) COLLATE utf8_czech_ci NOT NULL,
  `phone` varchar(255) COLLATE utf8_czech_ci NOT NULL,
  `note` text COLLATE utf8_czech_ci,
  `changed` timestamp NULL DEFAULT NULL ON UPDATE CURRENT_TIMESTAMP,
  `created` timestamp NULL DEFAULT NULL,
  `confirmed` int(1) NOT NULL DEFAULT '0',
  PRIMARY KEY (`id`)
) ENGINE=InnoDB DEFAULT CHARSET=utf8 COLLATE=utf8_czech_ci;

INSERT INTO `reservation` (`id`, `firstname`, `lastname`, `email`, `phone`, `note`, `changed`, `created`, `confirmed`) VALUES
(1,	'test',	'test',	'test',	'',	'test',	'2015-10-01 23:13:52',	'2015-10-01 22:37:26',	0),
(2,	'test2',	'TEST',	'aaa',	'',	NULL,	'2015-10-01 23:14:19',	NULL,	1),
(3,	'Staňa',	'Škubal',	'stana@folklorista.cz',	'111333222',	'Příliš žluťoučký kůň',	NULL,	'2015-10-01 23:28:15',	1),
(4,	'Staňa',	'Škubal',	'stana@folklorista.cz',	'111333222',	'Příliš žluťoučký kůň',	NULL,	'2015-10-01 23:28:48',	1),
(5,	'Staňa',	'Škubal',	'stana@folklorista.cz',	'111333222',	'Příliš žluťoučký kůň',	NULL,	'2015-10-01 23:29:26',	1);

DROP TABLE IF EXISTS `reservation_seat`;
CREATE TABLE `reservation_seat` (
  `reservation_id` int(11) NOT NULL,
  `seat_id` int(11) NOT NULL,
  `changed` timestamp NULL DEFAULT NULL ON UPDATE CURRENT_TIMESTAMP,
  `created` timestamp NULL DEFAULT NULL,
  UNIQUE KEY `seat_id_reservation_id` (`seat_id`,`reservation_id`),
  KEY `reservation_id` (`reservation_id`),
  CONSTRAINT `reservation_seat_ibfk_1` FOREIGN KEY (`reservation_id`) REFERENCES `reservation` (`id`) ON DELETE CASCADE,
  CONSTRAINT `reservation_seat_ibfk_2` FOREIGN KEY (`seat_id`) REFERENCES `seat` (`id`) ON DELETE CASCADE
) ENGINE=InnoDB DEFAULT CHARSET=utf8 COLLATE=utf8_czech_ci;

INSERT INTO `reservation_seat` (`reservation_id`, `seat_id`, `changed`, `created`) VALUES
(1,	2,	'2015-10-01 22:40:02',	'0000-00-00 00:00:00'),
(1,	3,	'2015-10-01 22:40:13',	'0000-00-00 00:00:00'),
(1,	4,	'2015-10-01 22:40:13',	'0000-00-00 00:00:00'),
(5,	7,	NULL,	'2015-10-01 23:29:26'),
(5,	8,	NULL,	'2015-10-01 23:29:26'),
(5,	9,	NULL,	'2015-10-01 23:29:26');

DROP TABLE IF EXISTS `seat`;
CREATE TABLE `seat` (
  `id` int(11) NOT NULL AUTO_INCREMENT,
  `row` int(11) NOT NULL,
  `col` int(11) NOT NULL,
  `seat_group_id` int(11) NOT NULL,
  `css_left` int(11) NOT NULL,
  `css_top` int(11) NOT NULL,
  PRIMARY KEY (`id`),
  KEY `seat_group_id` (`seat_group_id`),
  CONSTRAINT `seat_ibfk_1` FOREIGN KEY (`seat_group_id`) REFERENCES `seat_group` (`id`) ON DELETE CASCADE
) ENGINE=InnoDB DEFAULT CHARSET=utf8 COLLATE=utf8_czech_ci;

INSERT INTO `seat` (`id`, `row`, `col`, `seat_group_id`, `css_left`, `css_top`) VALUES
(1,	1,	1,	1,	245,	36),
(2,	1,	3,	1,	285,	49),
(3,	1,	4,	1,	305,	56),
(4,	1,	5,	1,	325,	62),
(5,	1,	6,	1,	345,	68),
(6,	1,	7,	1,	365,	73),
(7,	1,	8,	1,	385,	77),
(8,	1,	9,	1,	405,	80),
(9,	1,	10,	1,	425,	83),
(10,	1,	11,	1,	445,	85),
(11,	1,	12,	1,	465,	86),
(12,	1,	13,	1,	485,	86),
(13,	1,	14,	1,	505,	85),
(14,	1,	15,	1,	525,	83),
(15,	1,	16,	1,	545,	80),
(16,	1,	17,	1,	565,	77),
(17,	1,	18,	1,	585,	73),
(18,	1,	19,	1,	605,	68),
(19,	1,	20,	1,	625,	62),
(20,	1,	21,	1,	645,	56),
(21,	1,	22,	1,	665,	49),
(22,	1,	23,	1,	685,	43),
(23,	1,	24,	1,	705,	36),
(24,	2,	1,	1,	234,	62),
(25,	2,	2,	1,	254,	69),
(26,	2,	3,	1,	274,	75),
(27,	2,	4,	1,	294,	81),
(28,	2,	5,	1,	314,	87),
(29,	2,	6,	1,	334,	92),
(30,	2,	7,	1,	354,	97),
(31,	2,	8,	1,	374,	102),
(32,	2,	9,	1,	394,	105),
(33,	2,	10,	1,	414,	108),
(34,	2,	11,	1,	434,	110),
(35,	2,	12,	1,	454,	112),
(36,	2,	13,	1,	474,	112),
(37,	2,	14,	1,	494,	112),
(38,	2,	15,	1,	514,	110),
(39,	2,	16,	1,	534,	108),
(40,	2,	17,	1,	554,	105),
(41,	2,	18,	1,	574,	102),
(42,	2,	19,	1,	594,	97),
(43,	2,	20,	1,	614,	92),
(44,	2,	21,	1,	634,	87),
(45,	2,	22,	1,	654,	81),
(46,	2,	23,	1,	674,	75),
(47,	2,	24,	1,	694,	69),
(48,	2,	25,	1,	714,	62),
(49,	3,	1,	1,	204,	87),
(50,	3,	2,	1,	224,	93),
(51,	3,	3,	1,	244,	99),
(52,	3,	4,	1,	264,	104),
(53,	3,	5,	1,	284,	109),
(54,	3,	6,	1,	304,	114),
(55,	3,	7,	1,	324,	119),
(56,	3,	8,	1,	344,	123),
(57,	3,	9,	1,	364,	127),
(58,	3,	10,	1,	384,	130),
(59,	3,	11,	1,	404,	133),
(60,	3,	12,	1,	424,	135),
(61,	3,	13,	1,	444,	136),
(62,	3,	14,	1,	464,	137),
(63,	3,	15,	1,	484,	137),
(64,	3,	16,	1,	504,	136),
(65,	3,	17,	1,	524,	135),
(66,	3,	18,	1,	544,	133),
(67,	3,	19,	1,	564,	130),
(68,	3,	20,	1,	584,	127),
(69,	3,	21,	1,	604,	123),
(70,	3,	22,	1,	624,	119),
(71,	3,	23,	1,	644,	114),
(72,	3,	24,	1,	664,	109),
(73,	3,	25,	1,	684,	104),
(74,	3,	26,	1,	704,	99),
(75,	3,	27,	1,	724,	93),
(76,	3,	28,	1,	744,	87),
(77,	4,	1,	1,	194,	114),
(78,	4,	2,	1,	214,	120),
(79,	4,	3,	1,	234,	125),
(80,	4,	4,	1,	254,	131),
(81,	4,	5,	1,	274,	136),
(82,	4,	6,	1,	294,	140),
(83,	4,	7,	1,	314,	145),
(84,	4,	8,	1,	334,	149),
(85,	4,	9,	1,	354,	153),
(86,	4,	10,	1,	374,	156),
(87,	4,	11,	1,	394,	159),
(88,	4,	12,	1,	414,	161),
(89,	4,	13,	1,	434,	163),
(90,	4,	14,	1,	454,	164),
(91,	4,	15,	1,	474,	164),
(92,	4,	16,	1,	494,	164),
(93,	4,	17,	1,	514,	163),
(94,	4,	18,	1,	534,	161),
(95,	4,	19,	1,	554,	159),
(96,	4,	20,	1,	574,	156),
(97,	4,	21,	1,	594,	153),
(98,	4,	22,	1,	614,	149),
(99,	4,	23,	1,	634,	145),
(100,	4,	24,	1,	654,	141),
(101,	4,	25,	1,	674,	136),
(102,	4,	26,	1,	694,	131),
(103,	4,	27,	1,	714,	125),
(104,	4,	28,	1,	734,	120),
(105,	4,	29,	1,	754,	114),
(106,	5,	1,	1,	184,	140),
(107,	5,	2,	1,	204,	145),
(108,	5,	3,	1,	224,	151),
(109,	5,	4,	1,	244,	156),
(110,	5,	5,	1,	264,	161),
(111,	5,	6,	1,	284,	166),
(112,	5,	7,	1,	304,	170),
(113,	5,	8,	1,	324,	174),
(114,	5,	9,	1,	344,	178),
(115,	5,	10,	1,	364,	181),
(116,	5,	11,	1,	384,	184),
(117,	5,	12,	1,	404,	186),
(118,	5,	13,	1,	424,	188),
(119,	5,	14,	1,	444,	189),
(120,	5,	15,	1,	464,	190),
(121,	5,	16,	1,	484,	190),
(122,	5,	17,	1,	504,	189),
(123,	5,	18,	1,	524,	188),
(124,	5,	19,	1,	544,	186),
(125,	5,	20,	1,	564,	184),
(126,	5,	21,	1,	584,	181),
(127,	5,	22,	1,	604,	178),
(128,	5,	23,	1,	624,	174),
(129,	5,	24,	1,	644,	170),
(130,	5,	25,	1,	664,	166),
(131,	5,	26,	1,	684,	161),
(132,	5,	27,	1,	704,	156),
(133,	5,	28,	1,	724,	151),
(134,	5,	29,	1,	744,	145),
(135,	5,	30,	1,	764,	140),
(136,	6,	1,	1,	174,	164),
(137,	6,	2,	1,	194,	169),
(138,	6,	3,	1,	214,	174),
(139,	6,	4,	1,	234,	179),
(140,	6,	5,	1,	254,	184),
(141,	6,	6,	1,	274,	189),
(142,	6,	7,	1,	294,	193),
(143,	6,	8,	1,	314,	197),
(144,	6,	9,	1,	334,	201),
(145,	6,	10,	1,	354,	204),
(146,	6,	11,	1,	374,	207),
(147,	6,	12,	1,	394,	210),
(148,	6,	13,	1,	414,	212),
(149,	6,	14,	1,	434,	213),
(150,	6,	15,	1,	454,	214),
(151,	6,	16,	1,	474,	214),
(152,	6,	17,	1,	494,	214),
(153,	6,	18,	1,	514,	213),
(154,	6,	19,	1,	534,	212),
(155,	6,	20,	1,	554,	210),
(156,	6,	21,	1,	574,	207),
(157,	6,	22,	1,	594,	204),
(158,	6,	23,	1,	614,	201),
(159,	6,	24,	1,	634,	197),
(160,	6,	25,	1,	654,	193),
(161,	6,	26,	1,	674,	189),
(162,	6,	27,	1,	694,	184),
(163,	6,	28,	1,	714,	179),
(164,	6,	29,	1,	734,	174),
(165,	6,	30,	1,	754,	169),
(166,	6,	31,	1,	774,	164),
(167,	7,	1,	1,	184,	192),
(168,	7,	2,	1,	204,	197),
(169,	7,	3,	1,	224,	202),
(170,	7,	4,	1,	244,	208),
(171,	7,	5,	1,	264,	212),
(172,	7,	6,	1,	284,	217),
(173,	7,	7,	1,	304,	221),
(174,	7,	8,	1,	324,	225),
(175,	7,	9,	1,	344,	229),
(176,	7,	10,	1,	364,	232),
(177,	7,	11,	1,	384,	234),
(178,	7,	12,	1,	404,	237),
(179,	7,	13,	1,	424,	238),
(180,	7,	14,	1,	444,	239),
(181,	7,	15,	1,	464,	240),
(182,	7,	16,	1,	484,	240),
(183,	7,	17,	1,	504,	239),
(184,	7,	18,	1,	524,	238),
(185,	7,	19,	1,	544,	237),
(186,	7,	20,	1,	564,	234),
(187,	7,	21,	1,	584,	232),
(188,	7,	22,	1,	604,	229),
(189,	7,	23,	1,	624,	225),
(190,	7,	24,	1,	644,	221),
(191,	7,	25,	1,	664,	217),
(192,	7,	26,	1,	684,	212),
(193,	7,	27,	1,	704,	207),
(194,	7,	28,	1,	724,	202),
(195,	7,	29,	1,	744,	197),
(196,	7,	30,	1,	764,	192),
(197,	8,	1,	1,	191,	221),
(198,	8,	2,	1,	211,	226),
(199,	8,	3,	1,	231,	231),
(200,	8,	4,	1,	251,	236),
(201,	8,	5,	1,	271,	241),
(202,	8,	6,	1,	291,	245),
(203,	8,	7,	1,	311,	250),
(204,	8,	8,	1,	331,	254),
(205,	8,	9,	1,	351,	257),
(206,	8,	10,	1,	371,	260),
(207,	8,	11,	1,	391,	262),
(208,	8,	12,	1,	411,	264),
(209,	8,	13,	1,	431,	266),
(210,	8,	14,	1,	451,	267),
(211,	8,	15,	1,	471,	267),
(212,	8,	16,	1,	491,	267),
(213,	8,	17,	1,	511,	266),
(214,	8,	18,	1,	531,	264),
(215,	8,	19,	1,	551,	262),
(216,	8,	20,	1,	571,	260),
(217,	8,	21,	1,	591,	257),
(218,	8,	22,	1,	611,	254),
(219,	8,	23,	1,	631,	250),
(220,	8,	24,	1,	651,	245),
(221,	8,	25,	1,	671,	241),
(222,	8,	26,	1,	691,	236),
(223,	8,	27,	1,	711,	231),
(224,	8,	28,	1,	731,	226),
(225,	8,	29,	1,	751,	221),
(226,	9,	1,	1,	214,	250),
(227,	9,	2,	1,	234,	255),
(228,	9,	3,	1,	254,	261),
(229,	9,	4,	1,	274,	266),
(230,	9,	5,	1,	294,	270),
(231,	9,	6,	1,	314,	275),
(232,	9,	7,	1,	334,	279),
(233,	9,	8,	1,	354,	283),
(234,	9,	9,	1,	374,	286),
(235,	9,	10,	1,	394,	289),
(236,	9,	11,	1,	414,	291),
(237,	9,	12,	1,	434,	293),
(238,	9,	13,	1,	454,	294),
(239,	9,	14,	1,	474,	294),
(240,	9,	15,	1,	494,	294),
(241,	9,	16,	1,	514,	293),
(242,	9,	17,	1,	534,	291),
(243,	9,	18,	1,	554,	289),
(244,	9,	19,	1,	574,	286),
(245,	9,	20,	1,	594,	283),
(246,	9,	21,	1,	614,	279),
(247,	9,	22,	1,	634,	275),
(248,	9,	23,	1,	654,	270),
(249,	9,	24,	1,	674,	266),
(250,	9,	25,	1,	694,	261),
(251,	9,	26,	1,	714,	255),
(252,	10,	1,	1,	247,	287),
(253,	10,	2,	1,	267,	292),
(254,	10,	3,	1,	287,	297),
(255,	10,	4,	1,	307,	302),
(256,	10,	5,	1,	327,	306),
(257,	10,	6,	1,	347,	310),
(258,	10,	7,	1,	367,	313),
(259,	10,	8,	1,	387,	316),
(260,	10,	9,	1,	407,	319),
(261,	10,	10,	1,	427,	321),
(262,	10,	11,	1,	447,	322),
(263,	10,	12,	1,	467,	322),
(264,	10,	13,	1,	487,	322),
(265,	10,	14,	1,	507,	321),
(266,	10,	15,	1,	527,	319),
(267,	10,	16,	1,	547,	316),
(268,	10,	17,	1,	567,	313),
(269,	10,	18,	1,	587,	310),
(270,	10,	19,	1,	607,	306),
(271,	10,	20,	1,	627,	302),
(272,	10,	21,	1,	647,	297),
(273,	10,	22,	1,	667,	292),
(274,	10,	23,	1,	687,	287),
(275,	11,	1,	1,	292,	324),
(276,	11,	2,	1,	312,	328),
(277,	11,	3,	1,	332,	333),
(278,	11,	4,	1,	352,	337),
(279,	11,	5,	1,	372,	340),
(280,	11,	6,	1,	392,	343),
(281,	11,	7,	1,	412,	346),
(282,	11,	8,	1,	432,	347),
(283,	11,	9,	1,	452,	349),
(284,	11,	10,	1,	472,	349),
(285,	11,	11,	1,	492,	349),
(286,	11,	12,	1,	512,	347),
(287,	11,	13,	1,	532,	346),
(288,	11,	14,	1,	552,	343),
(289,	11,	15,	1,	572,	340),
(290,	11,	16,	1,	592,	336),
(291,	11,	17,	1,	612,	333),
(292,	11,	18,	1,	632,	328),
(293,	11,	19,	1,	652,	324),
(294,	12,	1,	1,	378,	370),
(295,	12,	2,	1,	398,	372),
(296,	12,	3,	1,	418,	373),
(297,	12,	4,	1,	438,	374),
(298,	12,	5,	1,	458,	375),
(299,	12,	6,	1,	478,	375),
(300,	12,	7,	1,	498,	374),
(301,	12,	8,	1,	518,	373),
(302,	12,	9,	1,	538,	372),
(303,	12,	10,	1,	558,	370),
(304,	13,	1,	1,	76,	353),
(305,	13,	2,	1,	96,	360),
(306,	13,	3,	1,	116,	368),
(307,	13,	4,	1,	136,	375),
(308,	13,	5,	1,	156,	382),
(309,	13,	6,	1,	176,	389),
(310,	13,	7,	1,	196,	396),
(311,	13,	8,	1,	216,	402),
(312,	13,	9,	1,	236,	408),
(313,	13,	10,	1,	256,	414),
(314,	13,	11,	1,	276,	419),
(315,	13,	12,	1,	296,	424),
(316,	13,	13,	1,	316,	428),
(317,	13,	14,	1,	336,	432),
(318,	13,	15,	1,	377,	438),
(319,	13,	16,	1,	397,	441),
(320,	13,	17,	1,	417,	443),
(321,	13,	18,	1,	437,	445),
(322,	13,	19,	1,	457,	446),
(323,	13,	20,	1,	477,	446),
(324,	13,	21,	1,	497,	446),
(325,	13,	22,	1,	517,	445),
(326,	13,	23,	1,	537,	443),
(327,	13,	24,	1,	557,	441),
(328,	13,	25,	1,	577,	438),
(329,	13,	26,	1,	617,	431),
(330,	13,	27,	1,	637,	427),
(331,	13,	28,	1,	657,	423),
(332,	13,	29,	1,	677,	418),
(333,	13,	30,	1,	697,	413),
(334,	13,	31,	1,	717,	407),
(335,	13,	32,	1,	737,	401),
(336,	13,	33,	1,	757,	395),
(337,	13,	34,	1,	777,	388),
(338,	13,	35,	1,	797,	381),
(339,	13,	36,	1,	817,	374),
(340,	13,	37,	1,	837,	367),
(341,	13,	38,	1,	857,	359),
(342,	13,	39,	1,	877,	352),
(343,	14,	1,	1,	66,	379),
(344,	14,	2,	1,	86,	386),
(345,	14,	3,	1,	106,	393),
(346,	14,	4,	1,	126,	401),
(347,	14,	5,	1,	146,	408),
(348,	14,	6,	1,	166,	414),
(349,	14,	7,	1,	186,	421),
(350,	14,	8,	1,	206,	427),
(351,	14,	9,	1,	226,	433),
(352,	14,	10,	1,	246,	439),
(353,	14,	11,	1,	266,	444),
(354,	14,	12,	1,	286,	449),
(355,	14,	13,	1,	306,	453),
(356,	14,	14,	1,	326,	457),
(357,	14,	15,	1,	367,	463),
(358,	14,	16,	1,	387,	466),
(359,	14,	17,	1,	407,	468),
(360,	14,	18,	1,	427,	470),
(361,	14,	19,	1,	447,	471),
(362,	14,	20,	1,	467,	472),
(363,	14,	21,	1,	487,	472),
(364,	14,	22,	1,	507,	471),
(365,	14,	23,	1,	527,	470),
(366,	14,	24,	1,	547,	468),
(367,	14,	25,	1,	567,	466),
(368,	14,	26,	1,	587,	463),
(369,	14,	27,	1,	627,	456),
(370,	14,	28,	1,	647,	452),
(371,	14,	29,	1,	667,	448),
(372,	14,	30,	1,	687,	443),
(373,	14,	31,	1,	707,	438),
(374,	14,	32,	1,	727,	432),
(375,	14,	33,	1,	747,	426),
(376,	14,	34,	1,	767,	420),
(377,	14,	35,	1,	787,	413),
(378,	14,	36,	1,	807,	407),
(379,	14,	37,	1,	827,	400),
(380,	14,	38,	1,	847,	392),
(381,	14,	39,	1,	867,	385),
(382,	14,	40,	1,	887,	378),
(383,	15,	1,	1,	77,	410),
(384,	15,	2,	1,	97,	417),
(385,	15,	3,	1,	117,	424),
(386,	15,	4,	1,	137,	432),
(387,	15,	5,	1,	157,	439),
(388,	15,	6,	1,	177,	445),
(389,	15,	7,	1,	197,	452),
(390,	15,	8,	1,	217,	458),
(391,	15,	9,	1,	237,	464),
(392,	15,	10,	1,	257,	470),
(393,	15,	11,	1,	277,	475),
(394,	15,	12,	1,	297,	479),
(395,	15,	13,	1,	317,	484),
(396,	15,	14,	1,	358,	490),
(397,	15,	15,	1,	378,	494),
(398,	15,	16,	1,	398,	496),
(399,	15,	17,	1,	418,	498),
(400,	15,	18,	1,	438,	500),
(401,	15,	19,	1,	458,	501),
(402,	15,	20,	1,	478,	501),
(403,	15,	21,	1,	498,	501),
(404,	15,	22,	1,	518,	500),
(405,	15,	23,	1,	538,	498),
(406,	15,	24,	1,	558,	496),
(407,	15,	25,	1,	578,	494),
(408,	15,	26,	1,	598,	490),
(409,	15,	27,	1,	638,	483),
(410,	15,	28,	1,	658,	478),
(411,	15,	29,	1,	678,	474),
(412,	15,	30,	1,	698,	469),
(413,	15,	31,	1,	718,	463),
(414,	15,	32,	1,	738,	457),
(415,	15,	33,	1,	758,	451),
(416,	15,	34,	1,	778,	444),
(417,	15,	35,	1,	798,	438),
(418,	15,	36,	1,	818,	431),
(419,	15,	37,	1,	838,	423),
(420,	15,	38,	1,	858,	416),
(421,	15,	39,	1,	878,	409),
(422,	16,	1,	1,	84,	442),
(423,	16,	2,	1,	104,	449),
(424,	16,	3,	1,	124,	457),
(425,	16,	4,	1,	144,	464),
(426,	16,	5,	1,	164,	471),
(427,	16,	6,	1,	184,	477),
(428,	16,	7,	1,	204,	484),
(429,	16,	8,	1,	224,	490),
(430,	16,	9,	1,	244,	496),
(431,	16,	10,	1,	264,	502),
(432,	16,	11,	1,	284,	507),
(433,	16,	12,	1,	304,	511),
(434,	16,	13,	1,	345,	518),
(435,	16,	14,	1,	365,	522),
(436,	16,	15,	1,	385,	525),
(437,	16,	16,	1,	405,	527),
(438,	16,	17,	1,	425,	529),
(439,	16,	18,	1,	445,	530),
(440,	16,	19,	1,	465,	531),
(441,	16,	20,	1,	485,	531),
(442,	16,	21,	1,	505,	530),
(443,	16,	22,	1,	525,	529),
(444,	16,	23,	1,	545,	527),
(445,	16,	24,	1,	565,	525),
(446,	16,	25,	1,	585,	522),
(447,	16,	26,	1,	605,	518),
(448,	16,	27,	1,	645,	510),
(449,	16,	28,	1,	665,	506),
(450,	16,	29,	1,	685,	501),
(451,	16,	30,	1,	705,	495),
(452,	16,	31,	1,	725,	489),
(453,	16,	32,	1,	745,	483),
(454,	16,	33,	1,	765,	476),
(455,	16,	34,	1,	785,	470),
(456,	16,	35,	1,	805,	463),
(457,	16,	36,	1,	825,	456),
(458,	16,	37,	1,	845,	448),
(459,	16,	38,	1,	865,	441),
(460,	17,	1,	1,	96,	475),
(461,	17,	2,	1,	116,	482),
(462,	17,	3,	1,	136,	489),
(463,	17,	4,	1,	156,	496),
(464,	17,	5,	1,	176,	503),
(465,	17,	6,	1,	196,	510),
(466,	17,	7,	1,	216,	517),
(467,	17,	8,	1,	236,	523),
(468,	17,	9,	1,	256,	529),
(469,	17,	10,	1,	276,	534),
(470,	17,	11,	1,	296,	539),
(471,	17,	12,	1,	337,	546),
(472,	17,	13,	1,	357,	550),
(473,	17,	14,	1,	377,	553),
(474,	17,	15,	1,	397,	556),
(475,	17,	16,	1,	417,	558),
(476,	17,	17,	1,	437,	560),
(477,	17,	18,	1,	457,	561),
(478,	17,	19,	1,	477,	561),
(479,	17,	20,	1,	497,	561),
(480,	17,	21,	1,	517,	560),
(481,	17,	22,	1,	537,	558),
(482,	17,	23,	1,	557,	556),
(483,	17,	24,	1,	577,	553),
(484,	17,	25,	1,	597,	550),
(485,	17,	26,	1,	617,	546),
(486,	17,	27,	1,	657,	538),
(487,	17,	28,	1,	677,	533),
(488,	17,	29,	1,	697,	527),
(489,	17,	30,	1,	717,	522),
(490,	17,	31,	1,	737,	516),
(491,	17,	32,	1,	757,	509),
(492,	17,	33,	1,	777,	502),
(493,	17,	34,	1,	797,	495),
(494,	17,	35,	1,	817,	488),
(495,	17,	36,	1,	837,	481),
(496,	17,	37,	1,	857,	474),
(497,	18,	1,	1,	108,	508),
(498,	18,	2,	1,	128,	515),
(499,	18,	3,	1,	148,	522),
(500,	18,	4,	1,	168,	529),
(501,	18,	5,	1,	188,	536),
(502,	18,	6,	1,	208,	543),
(503,	18,	7,	1,	228,	549),
(504,	18,	8,	1,	248,	555),
(505,	18,	9,	1,	268,	561),
(506,	18,	10,	1,	288,	566),
(507,	18,	11,	1,	329,	574),
(508,	18,	12,	1,	349,	578),
(509,	18,	13,	1,	369,	581),
(510,	18,	14,	1,	389,	585),
(511,	18,	15,	1,	409,	587),
(512,	18,	16,	1,	429,	589),
(513,	18,	17,	1,	449,	590),
(514,	18,	18,	1,	469,	591),
(515,	18,	19,	1,	489,	591),
(516,	18,	20,	1,	509,	590),
(517,	18,	21,	1,	529,	589),
(518,	18,	22,	1,	549,	587),
(519,	18,	23,	1,	569,	585),
(520,	18,	24,	1,	589,	581),
(521,	18,	25,	1,	609,	578),
(522,	18,	26,	1,	629,	574),
(523,	18,	27,	1,	669,	565),
(524,	18,	28,	1,	689,	560),
(525,	18,	29,	1,	709,	554),
(526,	18,	30,	1,	729,	548),
(527,	18,	31,	1,	749,	542),
(528,	18,	32,	1,	769,	535),
(529,	18,	33,	1,	789,	528),
(530,	18,	34,	1,	809,	521),
(531,	18,	35,	1,	829,	514),
(532,	18,	36,	1,	849,	507),
(533,	19,	1,	1,	141,	546),
(534,	19,	2,	1,	161,	553),
(535,	19,	3,	1,	181,	560),
(536,	19,	4,	1,	201,	567),
(537,	19,	5,	1,	221,	573),
(538,	19,	6,	1,	241,	579),
(539,	19,	7,	1,	261,	585),
(540,	19,	8,	1,	281,	591),
(541,	19,	9,	1,	322,	599),
(542,	19,	10,	1,	342,	604),
(543,	19,	11,	1,	362,	608),
(544,	19,	12,	1,	382,	612),
(545,	19,	13,	1,	402,	615),
(546,	19,	14,	1,	422,	617),
(547,	19,	15,	1,	442,	619),
(548,	19,	16,	1,	462,	620),
(549,	19,	17,	1,	482,	620),
(550,	19,	18,	1,	502,	620),
(551,	19,	19,	1,	522,	619),
(552,	19,	20,	1,	542,	617),
(553,	19,	21,	1,	562,	615),
(554,	19,	22,	1,	582,	612),
(555,	19,	23,	1,	602,	608),
(556,	19,	24,	1,	622,	604),
(557,	19,	25,	1,	642,	599),
(558,	19,	26,	1,	682,	590),
(559,	19,	27,	1,	702,	584),
(560,	19,	28,	1,	722,	578),
(561,	19,	29,	1,	742,	572),
(562,	19,	30,	1,	762,	566),
(563,	19,	31,	1,	782,	559),
(564,	19,	32,	1,	802,	552),
(565,	19,	33,	1,	822,	545),
(566,	20,	1,	1,	169,	586),
(567,	20,	2,	1,	189,	593),
(568,	20,	3,	1,	209,	599),
(569,	20,	4,	1,	229,	606),
(570,	20,	5,	1,	249,	612),
(571,	20,	6,	1,	269,	618),
(572,	20,	7,	1,	310,	627),
(573,	20,	8,	1,	330,	632),
(574,	20,	9,	1,	350,	636),
(575,	20,	10,	1,	370,	640),
(576,	20,	11,	1,	390,	644),
(577,	20,	12,	1,	410,	647),
(578,	20,	13,	1,	430,	649),
(579,	20,	14,	1,	450,	650),
(580,	20,	15,	1,	470,	651),
(581,	20,	16,	1,	490,	651),
(582,	20,	17,	1,	510,	650),
(583,	20,	18,	1,	530,	649),
(584,	20,	19,	1,	550,	647),
(585,	20,	20,	1,	570,	644),
(586,	20,	21,	1,	590,	640),
(587,	20,	22,	1,	610,	636),
(588,	20,	23,	1,	630,	632),
(589,	20,	24,	1,	650,	627),
(590,	20,	25,	1,	690,	617),
(591,	20,	26,	1,	710,	611),
(592,	20,	27,	1,	730,	605),
(593,	20,	28,	1,	750,	598),
(594,	20,	29,	1,	770,	592),
(595,	20,	30,	1,	790,	585),
(596,	21,	1,	1,	218,	630),
(597,	21,	2,	1,	238,	636),
(598,	21,	3,	1,	258,	642),
(599,	21,	4,	1,	299,	650),
(600,	21,	5,	1,	319,	655),
(601,	21,	6,	1,	339,	660),
(602,	21,	7,	1,	359,	665),
(603,	21,	8,	1,	379,	669),
(604,	21,	9,	1,	399,	672),
(605,	21,	10,	1,	419,	675),
(606,	21,	11,	1,	439,	676),
(607,	21,	12,	1,	459,	678),
(608,	21,	13,	1,	479,	678),
(609,	21,	14,	1,	499,	678),
(610,	21,	15,	1,	519,	676),
(611,	21,	16,	1,	539,	675),
(612,	21,	17,	1,	559,	672),
(613,	21,	18,	1,	579,	669),
(614,	21,	19,	1,	599,	665),
(615,	21,	20,	1,	619,	660),
(616,	21,	21,	1,	639,	655),
(617,	21,	22,	1,	659,	650),
(618,	21,	23,	1,	699,	641),
(619,	21,	24,	1,	719,	635),
(620,	21,	25,	1,	739,	629),
(621,	22,	1,	1,	289,	677),
(622,	22,	2,	1,	309,	682),
(623,	22,	3,	1,	329,	687),
(624,	22,	4,	1,	349,	691),
(625,	22,	5,	1,	369,	695),
(626,	22,	6,	1,	389,	699),
(627,	22,	7,	1,	409,	702),
(628,	22,	8,	1,	429,	704),
(629,	22,	9,	1,	449,	706),
(630,	22,	10,	1,	469,	707),
(631,	22,	11,	1,	489,	707),
(632,	22,	12,	1,	509,	706),
(633,	22,	13,	1,	529,	704),
(634,	22,	14,	1,	549,	702),
(635,	22,	15,	1,	569,	699),
(636,	22,	16,	1,	589,	695),
(637,	22,	17,	1,	609,	691),
(638,	22,	18,	1,	629,	687),
(639,	22,	19,	1,	649,	682),
(640,	22,	20,	1,	669,	677),
(641,	1,	1,	2,	10,	481),
(642,	1,	2,	2,	20,	501),
(643,	2,	1,	2,	40,	541),
(644,	2,	2,	2,	50,	561),
(645,	3,	1,	2,	70,	591),
(646,	3,	2,	2,	80,	611),
(647,	3,	3,	2,	50,	601),
(648,	3,	4,	2,	60,	621),
(649,	4,	1,	2,	110,	641),
(650,	4,	2,	2,	120,	661),
(651,	4,	3,	2,	90,	651),
(652,	4,	4,	2,	100,	671),
(653,	5,	1,	2,	150,	691),
(654,	5,	2,	2,	160,	711),
(655,	5,	3,	2,	130,	701),
(656,	5,	4,	2,	140,	721),
(657,	6,	1,	2,	252,	733),
(658,	6,	2,	2,	272,	743),
(659,	6,	3,	2,	252,	753),
(660,	6,	4,	2,	272,	763),
(661,	7,	1,	2,	322,	753),
(662,	7,	2,	2,	342,	753),
(663,	7,	3,	2,	322,	773),
(664,	7,	4,	2,	342,	773),
(665,	9,	1,	2,	608,	748),
(666,	9,	2,	2,	628,	748),
(667,	9,	3,	2,	608,	768),
(668,	9,	4,	2,	628,	768),
(669,	10,	1,	2,	678,	738),
(670,	10,	2,	2,	698,	728),
(671,	10,	3,	2,	678,	758),
(672,	10,	4,	2,	698,	748),
(673,	11,	1,	2,	849,	661),
(674,	11,	2,	2,	859,	641),
(675,	11,	3,	2,	869,	671),
(676,	11,	4,	2,	879,	651),
(677,	12,	1,	2,	800,	711),
(678,	12,	2,	2,	810,	691),
(679,	12,	3,	2,	820,	721),
(680,	12,	4,	2,	830,	701),
(681,	13,	1,	2,	889,	600),
(682,	13,	2,	2,	899,	580),
(683,	13,	3,	2,	919,	590),
(684,	13,	4,	2,	909,	610),
(685,	14,	1,	2,	909,	540),
(686,	15,	2,	2,	918,	519);

DROP TABLE IF EXISTS `seat_group`;
CREATE TABLE `seat_group` (
  `id` int(11) NOT NULL AUTO_INCREMENT,
  `name` varchar(255) COLLATE utf8_czech_ci NOT NULL,
  PRIMARY KEY (`id`)
) ENGINE=InnoDB DEFAULT CHARSET=utf8 COLLATE=utf8_czech_ci;

INSERT INTO `seat_group` (`id`, `name`) VALUES
(1,	'Řada'),
(2,	'Lóže');

-- 2015-10-01 23:58:22
